<BackupInst xmlns="http://www.microsoft.com/GroupPolicy/GPOOperations/Manifest"><GPOGuid><![CDATA[{251A4999-3E4F-4B15-AE45-E1AE4A707286}]]></GPOGuid><GPODomain><![CDATA[EguibarIT.local]]></GPODomain><GPODomainGuid><![CDATA[{2f9ec166-8056-40f5-83ed-1596d8ae3721}]]></GPODomainGuid><GPODomainController><![CDATA[DC1.EguibarIT.local]]></GPODomainController><BackupTime><![CDATA[2022-04-25T17:54:22]]></BackupTime><ID><![CDATA[{1D0C20AB-6EFF-49D5-A065-76BE927B2BF5}]]></ID><Comment><![CDATA[]]></Comment><GPODisplayName><![CDATA[U-ItAdmin-Baseline]]></GPODisplayName></BackupInst>
