<BackupInst xmlns="http://www.microsoft.com/GroupPolicy/GPOOperations/Manifest"><GPOGuid><![CDATA[{C8696884-8991-4A75-BAF9-6C71AF11BF2B}]]></GPOGuid><GPODomain><![CDATA[EguibarIT.local]]></GPODomain><GPODomainGuid><![CDATA[{2f9ec166-8056-40f5-83ed-1596d8ae3721}]]></GPODomainGuid><GPODomainController><![CDATA[DC1.EguibarIT.local]]></GPODomainController><BackupTime><![CDATA[2022-04-25T17:55:24]]></BackupTime><ID><![CDATA[{088AA3A3-6CE7-407F-8487-23C5B3CDF382}]]></ID><Comment><![CDATA[]]></Comment><GPODisplayName><![CDATA[C-PawT0-Baseline]]></GPODisplayName></BackupInst>
