<BackupInst xmlns="http://www.microsoft.com/GroupPolicy/GPOOperations/Manifest"><GPOGuid><![CDATA[{CE2ADDBA-EDE4-4AB6-BC4C-203739586BA7}]]></GPOGuid><GPODomain><![CDATA[EguibarIT.local]]></GPODomain><GPODomainGuid><![CDATA[{2f9ec166-8056-40f5-83ed-1596d8ae3721}]]></GPODomainGuid><GPODomainController><![CDATA[DC1.EguibarIT.local]]></GPODomainController><BackupTime><![CDATA[2022-04-25T17:55:53]]></BackupTime><ID><![CDATA[{1CB8C9E9-8035-49CB-BDAD-2070C646CAE1}]]></ID><Comment><![CDATA[]]></Comment><GPODisplayName><![CDATA[C-DomainControllers-Baseline]]></GPODisplayName></BackupInst>
