<BackupInst xmlns="http://www.microsoft.com/GroupPolicy/GPOOperations/Manifest"><GPOGuid><![CDATA[{42411498-A650-4645-A4DE-B74B1DF85B73}]]></GPOGuid><GPODomain><![CDATA[EguibarIT.local]]></GPODomain><GPODomainGuid><![CDATA[{2f9ec166-8056-40f5-83ed-1596d8ae3721}]]></GPODomainGuid><GPODomainController><![CDATA[DC1.EguibarIT.local]]></GPODomainController><BackupTime><![CDATA[2022-04-25T17:53:36]]></BackupTime><ID><![CDATA[{13861E2A-3EA2-41B7-B88C-0EF81E57A8C7}]]></ID><Comment><![CDATA[]]></Comment><GPODisplayName><![CDATA[U-Baseline]]></GPODisplayName></BackupInst>
