<?xml version="1.0" encoding="utf-8"?>
<RegistrySettings clsid="{A3CCFC41-DFDB-43a5-8D26-0FE8B954DA51}"><Registry clsid="{9CD4B2F4-923D-47f5-A062-E897DD1DAD50}" name="SMB1" status="SMB1" image="10" changed="2018-02-06 13:04:38" uid="{76D609C4-688B-47D9-B1CD-B7056FD53CEE}"><Properties action="C" displayDecimal="0" default="0" hive="HKEY_LOCAL_MACHINE" key="SYSTEM\CurrentControlSet\Services\LanmanServer\Parameters" name="SMB1" type="REG_DWORD" value="00000000"/></Registry>
	<Registry clsid="{9CD4B2F4-923D-47f5-A062-E897DD1DAD50}" name="Start" status="Start" image="12" changed="2018-02-06 13:08:48" uid="{0AA62E7B-0817-4561-9F8A-716A1D2AAAFB}"><Properties action="U" displayDecimal="0" default="0" hive="HKEY_LOCAL_MACHINE" key="SYSTEM\CurrentControlSet\Services\mrxsmb10" name="Start" type="REG_DWORD" value="00000004"/></Registry>
	<Registry clsid="{9CD4B2F4-923D-47f5-A062-E897DD1DAD50}" name="DependOnService" status="DependOnService" image="6" changed="2018-02-06 13:10:41" uid="{ED518733-CC63-42F3-A0A4-1145E78AF48A}"><Properties action="R" displayDecimal="0" default="0" hive="HKEY_LOCAL_MACHINE" key="SYSTEM\CurrentControlSet\Services\LanmanWorkstation" name="DependOnService" type="REG_MULTI_SZ" value="Bowser MRxSmb20 NSI"><Values><Value>Bowser</Value><Value>MRxSmb20</Value><Value>NSI</Value></Values></Properties></Registry>
</RegistrySettings>
