<BackupInst xmlns="http://www.microsoft.com/GroupPolicy/GPOOperations/Manifest"><GPOGuid><![CDATA[{EB1BA4A0-1C2A-4C9A-9CA2-3B93579F6CD0}]]></GPOGuid><GPODomain><![CDATA[EguibarIT.local]]></GPODomain><GPODomainGuid><![CDATA[{2f9ec166-8056-40f5-83ed-1596d8ae3721}]]></GPODomainGuid><GPODomainController><![CDATA[DC1.EguibarIT.local]]></GPODomainController><BackupTime><![CDATA[2022-04-25T17:55:03]]></BackupTime><ID><![CDATA[{6D768CF7-502C-434A-805E-5A18579C5207}]]></ID><Comment><![CDATA[]]></Comment><GPODisplayName><![CDATA[C-InfraT0-Baseline]]></GPODisplayName></BackupInst>
