<?xml version="1.0" encoding="utf-8"?><!-- Copyright (c) Microsoft Corporation.  All rights reserved. --><GroupPolicyBackupScheme bkp:version="2.0" bkp:type="GroupPolicyBackupTemplate" xmlns:bkp="http://www.microsoft.com/GroupPolicy/GPOOperations" xmlns="http://www.microsoft.com/GroupPolicy/GPOOperations">
    <GroupPolicyObject><SecurityGroups><Group bkp:Source="FromDACL"><Sid><![CDATA[S-1-5-21-1603021367-609224540-1562392230-519]]></Sid><SamAccountName><![CDATA[Enterprise Admins]]></SamAccountName><Type><![CDATA[UniversalGroup]]></Type><NetBIOSDomainName><![CDATA[EguibarIT]]></NetBIOSDomainName><DnsDomainName><![CDATA[EguibarIT.local]]></DnsDomainName><UPN><![CDATA[Enterprise Admins@EguibarIT.local]]></UPN></Group><Group bkp:Source="FromDACL"><Sid><![CDATA[S-1-5-21-1603021367-609224540-1562392230-512]]></Sid><SamAccountName><![CDATA[Domain Admins]]></SamAccountName><Type><![CDATA[GlobalGroup]]></Type><NetBIOSDomainName><![CDATA[EguibarIT]]></NetBIOSDomainName><DnsDomainName><![CDATA[EguibarIT.local]]></DnsDomainName><UPN><![CDATA[Domain Admins@EguibarIT.local]]></UPN></Group><Group bkp:Source="FromDACL"><Sid><![CDATA[S-1-5-21-1603021367-609224540-1562392230-1614]]></Sid><SamAccountName><![CDATA[SL_GpoAdminRight]]></SamAccountName><Type><![CDATA[LocalGroup]]></Type><NetBIOSDomainName><![CDATA[EguibarIT]]></NetBIOSDomainName><DnsDomainName><![CDATA[EguibarIT.local]]></DnsDomainName><UPN><![CDATA[SL_GpoAdminRight@EguibarIT.local]]></UPN></Group></SecurityGroups><FilePaths/><GroupPolicyCoreSettings><ID><![CDATA[{2FFE84A1-4CA8-4877-82B3-155FFA6BEF93}]]></ID><Domain><![CDATA[EguibarIT.local]]></Domain><SecurityDescriptor>01 00 04 9c 00 00 00 00 00 00 00 00 00 00 00 00 14 00 00 00 04 00 10 01 09 00 00 00 05 02 28 00 00 01 00 00 01 00 00 00 8f fd ac ed b3 ff d1 11 b4 1d 00 a0 c9 68 f9 39 01 01 00 00 00 00 00 05 0b 00 00 00 00 00 24 00 ff 00 0f 00 01 05 00 00 00 00 00 05 15 00 00 00 37 2a 8c 5f 5c 07 50 24 a6 36 20 5d 00 02 00 00 00 02 24 00 37 00 0f 00 01 05 00 00 00 00 00 05 15 00 00 00 37 2a 8c 5f 5c 07 50 24 a6 36 20 5d 4e 06 00 00 00 02 24 00 ff 00 0f 00 01 05 00 00 00 00 00 05 15 00 00 00 37 2a 8c 5f 5c 07 50 24 a6 36 20 5d 00 02 00 00 00 02 24 00 ff 00 0f 00 01 05 00 00 00 00 00 05 15 00 00 00 37 2a 8c 5f 5c 07 50 24 a6 36 20 5d 07 02 00 00 00 02 14 00 94 00 02 00 01 01 00 00 00 00 00 05 09 00 00 00 00 02 14 00 94 00 02 00 01 01 00 00 00 00 00 05 0b 00 00 00 00 02 14 00 ff 00 0f 00 01 01 00 00 00 00 00 05 12 00 00 00 00 0a 14 00 ff 00 0f 00 01 01 00 00 00 00 00 03 00 00 00 00</SecurityDescriptor><DisplayName><![CDATA[C-Hyper-V-Baseline]]></DisplayName><Options><![CDATA[1]]></Options><UserVersionNumber><![CDATA[65537]]></UserVersionNumber><MachineVersionNumber><![CDATA[65537]]></MachineVersionNumber><MachineExtensionGuids><![CDATA[[{827D319E-6EAC-11D2-A4EA-00C04F79F83A}{803E14A0-B4FB-11D0-A0D0-00A0C90F574B}]]]></MachineExtensionGuids><UserExtensionGuids/><WMIFilter/></GroupPolicyCoreSettings> 
        <GroupPolicyExtension bkp:ID="{35378EAC-683F-11D2-A89A-00C04FBBCFA2}" bkp:DescName="Registry">
            
            
            <FSObjectFile bkp:Path="%GPO_FSPATH%\Adm\*.*" bkp:SourceExpandedPath="\\DC1.EguibarIT.local\sysvol\EguibarIT.local\Policies\{2FFE84A1-4CA8-4877-82B3-155FFA6BEF93}\Adm\*.*"/>
        </GroupPolicyExtension>
        
        
        
        
        <GroupPolicyExtension bkp:ID="{827D319E-6EAC-11D2-A4EA-00C04F79F83A}" bkp:DescName="Security">
            <FSObjectFile bkp:Path="%GPO_MACH_FSPATH%\microsoft\windows nt\SecEdit\GptTmpl.inf" bkp:SourceExpandedPath="\\DC1.EguibarIT.local\sysvol\EguibarIT.local\Policies\{2FFE84A1-4CA8-4877-82B3-155FFA6BEF93}\Machine\microsoft\windows nt\SecEdit\GptTmpl.inf" bkp:ReEvaluateFunction="SecurityValidateSettings" bkp:Location="DomainSysvol\GPO\Machine\microsoft\windows nt\SecEdit\GptTmpl.inf"/>
        </GroupPolicyExtension>
        
        
        
        
    <GroupPolicyExtension bkp:ID="{F15C46CD-82A0-4C2D-A210-5D0D3182A418}" bkp:DescName="Unknown Extension"><FSObjectFile bkp:Path="%GPO_FSPATH%\GPO.cmt" bkp:SourceExpandedPath="\\DC1.EguibarIT.local\sysvol\EguibarIT.local\Policies\{2FFE84A1-4CA8-4877-82B3-155FFA6BEF93}\GPO.cmt" bkp:Location="DomainSysvol\GPO\GPO.cmt"/><FSObjectDir bkp:Path="%GPO_MACH_FSPATH%\Applications" bkp:SourceExpandedPath="\\DC1.EguibarIT.local\sysvol\EguibarIT.local\Policies\{2FFE84A1-4CA8-4877-82B3-155FFA6BEF93}\Machine\Applications" bkp:Location="DomainSysvol\GPO\Machine\Applications"/><FSObjectDir bkp:Path="%GPO_MACH_FSPATH%\microsoft" bkp:SourceExpandedPath="\\DC1.EguibarIT.local\sysvol\EguibarIT.local\Policies\{2FFE84A1-4CA8-4877-82B3-155FFA6BEF93}\Machine\microsoft" bkp:Location="DomainSysvol\GPO\Machine\microsoft"/><FSObjectDir bkp:Path="%GPO_MACH_FSPATH%\microsoft\windows nt" bkp:SourceExpandedPath="\\DC1.EguibarIT.local\sysvol\EguibarIT.local\Policies\{2FFE84A1-4CA8-4877-82B3-155FFA6BEF93}\Machine\microsoft\windows nt" bkp:Location="DomainSysvol\GPO\Machine\microsoft\windows nt"/><FSObjectDir bkp:Path="%GPO_MACH_FSPATH%\microsoft\windows nt\Audit" bkp:SourceExpandedPath="\\DC1.EguibarIT.local\sysvol\EguibarIT.local\Policies\{2FFE84A1-4CA8-4877-82B3-155FFA6BEF93}\Machine\microsoft\windows nt\Audit" bkp:Location="DomainSysvol\GPO\Machine\microsoft\windows nt\Audit"/><FSObjectDir bkp:Path="%GPO_MACH_FSPATH%\microsoft\windows nt\SecEdit" bkp:SourceExpandedPath="\\DC1.EguibarIT.local\sysvol\EguibarIT.local\Policies\{2FFE84A1-4CA8-4877-82B3-155FFA6BEF93}\Machine\microsoft\windows nt\SecEdit" bkp:Location="DomainSysvol\GPO\Machine\microsoft\windows nt\SecEdit"/></GroupPolicyExtension></GroupPolicyObject>
</GroupPolicyBackupScheme>