<BackupInst xmlns="http://www.microsoft.com/GroupPolicy/GPOOperations/Manifest"><GPOGuid><![CDATA[{2FFE84A1-4CA8-4877-82B3-155FFA6BEF93}]]></GPOGuid><GPODomain><![CDATA[EguibarIT.local]]></GPODomain><GPODomainGuid><![CDATA[{2f9ec166-8056-40f5-83ed-1596d8ae3721}]]></GPODomainGuid><GPODomainController><![CDATA[DC1.EguibarIT.local]]></GPODomainController><BackupTime><![CDATA[2022-04-25T17:57:52]]></BackupTime><ID><![CDATA[{85B17C59-5E7A-4474-BF76-6DBEF710F8DA}]]></ID><Comment><![CDATA[]]></Comment><GPODisplayName><![CDATA[C-Hyper-V-Baseline]]></GPODisplayName></BackupInst>
