<BackupInst xmlns="http://www.microsoft.com/GroupPolicy/GPOOperations/Manifest"><GPOGuid><![CDATA[{57D0E941-25EC-4BC2-9555-83F3163197D9}]]></GPOGuid><GPODomain><![CDATA[EguibarIT.local]]></GPODomain><GPODomainGuid><![CDATA[{2f9ec166-8056-40f5-83ed-1596d8ae3721}]]></GPODomainGuid><GPODomainController><![CDATA[DC1.EguibarIT.local]]></GPODomainController><BackupTime><![CDATA[2022-04-25T17:58:16]]></BackupTime><ID><![CDATA[{C4A8CFC2-21EC-408E-B8B3-E5F3F6D7DBD1}]]></ID><Comment><![CDATA[]]></Comment><GPODisplayName><![CDATA[C-Web-Baseline]]></GPODisplayName></BackupInst>
