<BackupInst xmlns="http://www.microsoft.com/GroupPolicy/GPOOperations/Manifest"><GPOGuid><![CDATA[{D1880761-3374-4DBD-8462-487E438E2B28}]]></GPOGuid><GPODomain><![CDATA[EguibarIT.local]]></GPODomain><GPODomainGuid><![CDATA[{2f9ec166-8056-40f5-83ed-1596d8ae3721}]]></GPODomainGuid><GPODomainController><![CDATA[DC1.EguibarIT.local]]></GPODomainController><BackupTime><![CDATA[2022-04-25T17:54:37]]></BackupTime><ID><![CDATA[{D6C1E22C-69BD-407B-AED1-E99AE309CE40}]]></ID><Comment><![CDATA[]]></Comment><GPODisplayName><![CDATA[U-Admin-Baseline]]></GPODisplayName></BackupInst>
