<BackupInst xmlns="http://www.microsoft.com/GroupPolicy/GPOOperations/Manifest"><GPOGuid><![CDATA[{40579B01-0A0F-45A9-931C-D54B91CF8755}]]></GPOGuid><GPODomain><![CDATA[EguibarIT.local]]></GPODomain><GPODomainGuid><![CDATA[{2f9ec166-8056-40f5-83ed-1596d8ae3721}]]></GPODomainGuid><GPODomainController><![CDATA[DC1.EguibarIT.local]]></GPODomainController><BackupTime><![CDATA[2022-04-25T18:01:38]]></BackupTime><ID><![CDATA[{23EAE781-7964-4EC2-811F-9DA51A11CF40}]]></ID><Comment><![CDATA[]]></Comment><GPODisplayName><![CDATA[U-<Site>-Users]]></GPODisplayName></BackupInst>
