<?xml version="1.0" encoding="utf-8"?>
<ScheduledTasks clsid="{CC63F200-7309-4ba0-B154-A71CD118DBCC}"><TaskV2 clsid="{D8896631-B747-47a7-84A6-C155337F3BC8}" name="Set BgInfo" image="1" userContext="0" removePolicy="0" changed="2018-01-25 15:33:31" uid="{AB19BFDE-E981-4E0D-ADFE-ACB8D8517F6E}"><Properties action="R" name="Set BgInfo" runAs="%LogonDomain%\%LogonUser%" logonType="InteractiveToken"><Task version="1.3"><RegistrationInfo><Author>EguibarIT\TheGood</Author><Description>Set background information on the desktop</Description></RegistrationInfo><Principals><Principal id="Author"><UserId>%LogonDomain%\%LogonUser%</UserId><LogonType>InteractiveToken</LogonType><RunLevel>LeastPrivilege</RunLevel></Principal></Principals><Settings><IdleSettings><Duration>PT5M</Duration><WaitTimeout>PT1H</WaitTimeout><StopOnIdleEnd>false</StopOnIdleEnd><RestartOnIdle>false</RestartOnIdle></IdleSettings><MultipleInstancesPolicy>IgnoreNew</MultipleInstancesPolicy><DisallowStartIfOnBatteries>false</DisallowStartIfOnBatteries><StopIfGoingOnBatteries>false</StopIfGoingOnBatteries><AllowHardTerminate>false</AllowHardTerminate><StartWhenAvailable>true</StartWhenAvailable><RunOnlyIfNetworkAvailable>true</RunOnlyIfNetworkAvailable><AllowStartOnDemand>true</AllowStartOnDemand><Enabled>true</Enabled><Hidden>true</Hidden><ExecutionTimeLimit>PT0S</ExecutionTimeLimit><Priority>7</Priority></Settings><Triggers><LogonTrigger><Enabled>true</Enabled><StartBoundary>2018-01-25T16:31:38</StartBoundary></LogonTrigger>
				</Triggers><Actions Context="Author"><Exec><Command>C:\Program Files (x86)\BGinfo\BGinfo.exe</Command><Arguments>\\%LogonDomain%\Netlogon\lab.bgi /SILENT /TIMER:00 /NOLICPROMPT</Arguments></Exec>
				</Actions></Task></Properties></TaskV2>
	<TaskV2 clsid="{D8896631-B747-47a7-84A6-C155337F3BC8}" name="Set AD Picture" image="1" userContext="0" removePolicy="0" changed="2018-01-25 15:36:04" uid="{40DB3070-9A24-4B67-A384-CE146AB7AE1D}"><Properties action="R" name="Set AD Picture" runAs="%LogonDomain%\%LogonUser%" logonType="InteractiveToken"><Task version="1.3"><RegistrationInfo><Author>EguibarIT\TheGood</Author><Description>Read the picture attribute from AD and configure profile to display it as avatar</Description></RegistrationInfo><Principals><Principal id="Author"><UserId>%LogonDomain%\%LogonUser%</UserId><LogonType>InteractiveToken</LogonType><RunLevel>LeastPrivilege</RunLevel></Principal></Principals><Settings><IdleSettings><Duration>PT5M</Duration><WaitTimeout>PT1H</WaitTimeout><StopOnIdleEnd>false</StopOnIdleEnd><RestartOnIdle>false</RestartOnIdle></IdleSettings><MultipleInstancesPolicy>IgnoreNew</MultipleInstancesPolicy><DisallowStartIfOnBatteries>false</DisallowStartIfOnBatteries><StopIfGoingOnBatteries>false</StopIfGoingOnBatteries><AllowHardTerminate>false</AllowHardTerminate><StartWhenAvailable>true</StartWhenAvailable><RunOnlyIfNetworkAvailable>true</RunOnlyIfNetworkAvailable><AllowStartOnDemand>true</AllowStartOnDemand><Enabled>true</Enabled><Hidden>true</Hidden><ExecutionTimeLimit>PT0S</ExecutionTimeLimit><Priority>7</Priority></Settings><Triggers><LogonTrigger><Enabled>true</Enabled><StartBoundary>2018-01-25T16:34:16</StartBoundary></LogonTrigger>
				</Triggers><Actions Context="Author"><Exec><Command>C:\Windows\System32\WindowsPowerShell\v1.0\powershell.exe</Command><Arguments>-Nologo -ExecutionPolicy ByPass -WindowStyle Hidden -NoProfile -File \\%LogonDomain%\netlogon\Set-AdPicture.ps1</Arguments></Exec>
				</Actions></Task></Properties></TaskV2>
</ScheduledTasks>
