<BackupInst xmlns="http://www.microsoft.com/GroupPolicy/GPOOperations/Manifest"><GPOGuid><![CDATA[{D9948BDC-E6A8-4D0D-8474-CD3BE85F8C25}]]></GPOGuid><GPODomain><![CDATA[EguibarIT.local]]></GPODomain><GPODomainGuid><![CDATA[{2f9ec166-8056-40f5-83ed-1596d8ae3721}]]></GPODomainGuid><GPODomainController><![CDATA[DC1.EguibarIT.local]]></GPODomainController><BackupTime><![CDATA[2022-04-25T17:57:22]]></BackupTime><ID><![CDATA[{79382470-AEA9-43AC-A494-CA2633BA1FA9}]]></ID><Comment><![CDATA[]]></Comment><GPODisplayName><![CDATA[C-Servers-Baseline]]></GPODisplayName></BackupInst>
