<BackupInst xmlns="http://www.microsoft.com/GroupPolicy/GPOOperations/Manifest"><GPOGuid><![CDATA[{63174097-C6C9-4F7A-8DA4-A91F202EF368}]]></GPOGuid><GPODomain><![CDATA[EguibarIT.local]]></GPODomain><GPODomainGuid><![CDATA[{2f9ec166-8056-40f5-83ed-1596d8ae3721}]]></GPODomainGuid><GPODomainController><![CDATA[DC1.EguibarIT.local]]></GPODomainController><BackupTime><![CDATA[2022-04-25T17:54:11]]></BackupTime><ID><![CDATA[{1088E54A-B673-4645-9B37-1D4D14A5C8B8}]]></ID><Comment><![CDATA[]]></Comment><GPODisplayName><![CDATA[C-ItAdmin-Baseline]]></GPODisplayName></BackupInst>
