<BackupInst xmlns="http://www.microsoft.com/GroupPolicy/GPOOperations/Manifest"><GPOGuid><![CDATA[{CC5E47FC-69AA-471B-BC08-FA70AC29C005}]]></GPOGuid><GPODomain><![CDATA[EguibarIT.local]]></GPODomain><GPODomainGuid><![CDATA[{2f9ec166-8056-40f5-83ed-1596d8ae3721}]]></GPODomainGuid><GPODomainController><![CDATA[DC1.EguibarIT.local]]></GPODomainController><BackupTime><![CDATA[2022-04-25T17:59:13]]></BackupTime><ID><![CDATA[{2406E8A5-02E6-4F62-8D3A-575EFCFE37A8}]]></ID><Comment><![CDATA[]]></Comment><GPODisplayName><![CDATA[C-<Site>-Desktops]]></GPODisplayName></BackupInst>
