<BackupInst xmlns="http://www.microsoft.com/GroupPolicy/GPOOperations/Manifest"><GPOGuid><![CDATA[{355368FC-F349-464B-A889-C8343CBADBB9}]]></GPOGuid><GPODomain><![CDATA[EguibarIT.local]]></GPODomain><GPODomainGuid><![CDATA[{2f9ec166-8056-40f5-83ed-1596d8ae3721}]]></GPODomainGuid><GPODomainController><![CDATA[DC1.EguibarIT.local]]></GPODomainController><BackupTime><![CDATA[2022-04-25T17:58:05]]></BackupTime><ID><![CDATA[{478E36A0-0D18-417C-90A6-01E9FC340243}]]></ID><Comment><![CDATA[]]></Comment><GPODisplayName><![CDATA[C-Remote Desktop-Baseline]]></GPODisplayName></BackupInst>
