<BackupInst xmlns="http://www.microsoft.com/GroupPolicy/GPOOperations/Manifest"><GPOGuid><![CDATA[{227641B3-004B-4AD1-9D28-943AD87AF503}]]></GPOGuid><GPODomain><![CDATA[EguibarIT.local]]></GPODomain><GPODomainGuid><![CDATA[{2f9ec166-8056-40f5-83ed-1596d8ae3721}]]></GPODomainGuid><GPODomainController><![CDATA[DC1.EguibarIT.local]]></GPODomainController><BackupTime><![CDATA[2022-04-25T17:53:22]]></BackupTime><ID><![CDATA[{55924CA0-653E-4F6F-9842-8A298BB974C2}]]></ID><Comment><![CDATA[]]></Comment><GPODisplayName><![CDATA[C-Baseline]]></GPODisplayName></BackupInst>
