<BackupInst xmlns="http://www.microsoft.com/GroupPolicy/GPOOperations/Manifest"><GPOGuid><![CDATA[{21AD1AAC-BC4A-4816-B4AC-3FA40C0E4BE3}]]></GPOGuid><GPODomain><![CDATA[EguibarIT.local]]></GPODomain><GPODomainGuid><![CDATA[{2f9ec166-8056-40f5-83ed-1596d8ae3721}]]></GPODomainGuid><GPODomainController><![CDATA[DC1.EguibarIT.local]]></GPODomainController><BackupTime><![CDATA[2022-04-25T17:56:50]]></BackupTime><ID><![CDATA[{E8BDF7DC-0870-4E99-AABE-7A66DED1AF1E}]]></ID><Comment><![CDATA[]]></Comment><GPODisplayName><![CDATA[Set Time Settings on non-PDCe Domain Controllers]]></GPODisplayName></BackupInst>
