Machine Name,Policy Target,Subcategory,Subcategory GUID,Inclusion Setting,Exclusion Setting,Setting Value
,System,Audit Detailed Directory Service Replication,{0cce923e-69ae-11d9-bed3-505054503030},Success and Failure,,3
,System,Audit Directory Service Access,{0cce923b-69ae-11d9-bed3-505054503030},Success and Failure,,3
,System,Audit Directory Service Changes,{0cce923c-69ae-11d9-bed3-505054503030},Success and Failure,,3
,System,Audit Directory Service Replication,{0cce923d-69ae-11d9-bed3-505054503030},Success and Failure,,3
