<BackupInst xmlns="http://www.microsoft.com/GroupPolicy/GPOOperations/Manifest"><GPOGuid><![CDATA[{67B4EAF2-E9A7-4D8C-B5BC-568E0B7BF8BC}]]></GPOGuid><GPODomain><![CDATA[EguibarIT.local]]></GPODomain><GPODomainGuid><![CDATA[{2f9ec166-8056-40f5-83ed-1596d8ae3721}]]></GPODomainGuid><GPODomainController><![CDATA[DC1.EguibarIT.local]]></GPODomainController><BackupTime><![CDATA[2022-04-25T17:56:34]]></BackupTime><ID><![CDATA[{D66FA2E1-805E-40E4-B7C7-4FC191A6E188}]]></ID><Comment><![CDATA[]]></Comment><GPODisplayName><![CDATA[Set PDCe Domain Controller as Authoritative Time Server]]></GPODisplayName></BackupInst>
