<BackupInst xmlns="http://www.microsoft.com/GroupPolicy/GPOOperations/Manifest"><GPOGuid><![CDATA[{68EF5994-7102-4E2F-82F1-27818D676E04}]]></GPOGuid><GPODomain><![CDATA[EguibarIT.local]]></GPODomain><GPODomainGuid><![CDATA[{2f9ec166-8056-40f5-83ed-1596d8ae3721}]]></GPODomainGuid><GPODomainController><![CDATA[DC1.EguibarIT.local]]></GPODomainController><BackupTime><![CDATA[2022-04-25T17:57:39]]></BackupTime><ID><![CDATA[{5C450516-81E1-4B54-9B0D-530AFB7AE594}]]></ID><Comment><![CDATA[]]></Comment><GPODisplayName><![CDATA[C-File-Baseline]]></GPODisplayName></BackupInst>
